recipe_name,cuisine,time_to_cook_min,difficulty,ingredients,calory,nutrition_values,steps
Turkish Fruchtcocktail Stew,Turkish,60,Medium,fruchtcocktail granini; premium grilled chicken club sandwich mcdonalds; tomato stewed; carambola starfruit; english muffin,845,Calories 845 kcal; Fat 23.1 g; Carbohydrates 92.6 g; Protein 46.6 g,"Step 1: Prepare all ingredients by measuring, rinsing, and chopping as needed. | Step 2: Heat a large pan or pot over medium heat and add a small amount of oil or butter. | Step 3: Add the main proteins or vegetables and cook until lightly browned and fragrant. | Step 4: Add the remaining ingredients gradually, stirring to combine and adjust seasoning with salt, pepper, and spices typical for turkish cuisine. | Step 5: Pour in enough water, broth, or sauce to create a cohesive mixture and let it simmer until everything is tender and flavors blend. | Step 6: Taste and adjust seasoning, then remove from heat and let the dish rest for a few minutes. | Step 7: Serve warm, optionally topped with fresh herbs, yogurt, cheese, or a squeeze of citrus depending on turkish cuisine."
Italian Chervil Bowl,Italian,30,Hard,chervil dried; nachos supreme taco bell; corn cones; crayfish raw,632,Calories 632 kcal; Fat 34.2 g; Carbohydrates 63.7 g; Protein 17.4 g,"Step 1: Prepare all ingredients by measuring, rinsing, and chopping as needed. | Step 2: Heat a large pan or pot over medium heat and add a small amount of oil or butter. | Step 3: Add the main proteins or vegetables and cook until lightly browned and fragrant. | Step 4: Add the remaining ingredients gradually, stirring to combine and adjust seasoning with salt, pepper, and spices typical for italian cuisine. | Step 5: Pour in enough water, broth, or sauce to create a cohesive mixture and let it simmer until everything is tender and flavors blend. | Step 6: Taste and adjust seasoning, then remove from heat and let the dish rest for a few minutes. | Step 7: Serve warm, optionally topped with fresh herbs, yogurt, cheese, or a squeeze of citrus depending on italian cuisine."
Mexican Green Skillet,Mexican,35,Medium,green goddess dressing; split peas cooked; beets cooked; pollock raw; barley raw; chili pepper sauce green; egg custard,1006,Calories 1006 kcal; Fat 24.2 g; Carbohydrates 87.4 g; Protein 107.9 g,"Step 1: Prepare all ingredients by measuring, rinsing, and chopping as needed. | Step 2: Heat a large pan or pot over medium heat and add a small amount of oil or butter. | Step 3: Add the main proteins or vegetables and cook until lightly browned and fragrant. | Step 4: Add the remaining ingredients gradually, stirring to combine and adjust seasoning with salt, pepper, and spices typical for mexican cuisine. | Step 5: Pour in enough water, broth, or sauce to create a cohesive mixture and let it simmer until everything is tender and flavors blend. | Step 6: Taste and adjust seasoning, then remove from heat and let the dish rest for a few minutes. | Step 7: Serve warm, optionally topped with fresh herbs, yogurt, cheese, or a squeeze of citrus depending on mexican cuisine."
Indian Mustard Pasta,Indian,45,Hard,mustard greens cooked; beef breakfast strips raw; gushers fruit gushers; chocolate chip cookies mcdonalds; tahini; pork boston roast cooked,1415,Calories 1415 kcal; Fat 78.5 g; Carbohydrates 29.3 g; Protein 71.2 g,"Step 1: Prepare all ingredients by measuring, rinsing, and chopping as needed. | Step 2: Heat a large pan or pot over medium heat and add a small amount of oil or butter. | Step 3: Add the main proteins or vegetables and cook until lightly browned and fragrant. | Step 4: Add the remaining ingredients gradually, stirring to combine and adjust seasoning with salt, pepper, and spices typical for indian cuisine. | Step 5: Pour in enough water, broth, or sauce to create a cohesive mixture and let it simmer until everything is tender and flavors blend. | Step 6: Taste and adjust seasoning, then remove from heat and let the dish rest for a few minutes. | Step 7: Serve warm, optionally topped with fresh herbs, yogurt, cheese, or a squeeze of citrus depending on indian cuisine."
Chinese Pork Salad,Chinese,50,Easy,pork beef salami cooked; pork top loin roasts roasted; chocolate pudding; egg boiled; ling cooked,2143,Calories 2143 kcal; Fat 92.5 g; Carbohydrates 35.5 g; Protein 274.4 g,"Step 1: Prepare all ingredients by measuring, rinsing, and chopping as needed. | Step 2: Heat a large pan or pot over medium heat and add a small amount of oil or butter. | Step 3: Add the main proteins or vegetables and cook until lightly browned and fragrant. | Step 4: Add the remaining ingredients gradually, stirring to combine and adjust seasoning with salt, pepper, and spices typical for chinese cuisine. | Step 5: Pour in enough water, broth, or sauce to create a cohesive mixture and let it simmer until everything is tender and flavors blend. | Step 6: Taste and adjust seasoning, then remove from heat and let the dish rest for a few minutes. | Step 7: Serve warm, optionally topped with fresh herbs, yogurt, cheese, or a squeeze of citrus depending on chinese cuisine."
Japanese Wheat Rice Bowl,Japanese,35,Easy,wheat shredded; potato wedges kentucky fried chicken; corn cones; corn syrup dark; chicken neck raw; egg raw,964,Calories 964 kcal; Fat 46.8 g; Carbohydrates 114.9 g; Protein 26.2 g,"Step 1: Prepare all ingredients by measuring, rinsing, and chopping as needed. | Step 2: Heat a large pan or pot over medium heat and add a small amount of oil or butter. | Step 3: Add the main proteins or vegetables and cook until lightly browned and fragrant. | Step 4: Add the remaining ingredients gradually, stirring to combine and adjust seasoning with salt, pepper, and spices typical for japanese cuisine. | Step 5: Pour in enough water, broth, or sauce to create a cohesive mixture and let it simmer until everything is tender and flavors blend. | Step 6: Taste and adjust seasoning, then remove from heat and let the dish rest for a few minutes. | Step 7: Serve warm, optionally topped with fresh herbs, yogurt, cheese, or a squeeze of citrus depending on japanese cuisine."
Thai Napa Casserole,Thai,60,Medium,napa cabbage cooked; peas carrots cooked; oatmeal cookies with raisins; pound cake; catjang cowpeas cooked; cashew nuts raw,627,Calories 627 kcal; Fat 22.9 g; Carbohydrates 86.7 g; Protein 27.9 g,"Step 1: Prepare all ingredients by measuring, rinsing, and chopping as needed. | Step 2: Heat a large pan or pot over medium heat and add a small amount of oil or butter. | Step 3: Add the main proteins or vegetables and cook until lightly browned and fragrant. | Step 4: Add the remaining ingredients gradually, stirring to combine and adjust seasoning with salt, pepper, and spices typical for thai cuisine. | Step 5: Pour in enough water, broth, or sauce to create a cohesive mixture and let it simmer until everything is tender and flavors blend. | Step 6: Taste and adjust seasoning, then remove from heat and let the dish rest for a few minutes. | Step 7: Serve warm, optionally topped with fresh herbs, yogurt, cheese, or a squeeze of citrus depending on thai cuisine."
American Fish Soup,American,45,Easy,fish fillet fried; chestnuts roasted; oatmeal bread toasted; pupusas del cerdo,604,Calories 604 kcal; Fat 25.4 g; Carbohydrates 64.6 g; Protein 30.1 g,"Step 1: Prepare all ingredients by measuring, rinsing, and chopping as needed. | Step 2: Heat a large pan or pot over medium heat and add a small amount of oil or butter. | Step 3: Add the main proteins or vegetables and cook until lightly browned and fragrant. | Step 4: Add the remaining ingredients gradually, stirring to combine and adjust seasoning with salt, pepper, and spices typical for american cuisine. | Step 5: Pour in enough water, broth, or sauce to create a cohesive mixture and let it simmer until everything is tender and flavors blend. | Step 6: Taste and adjust seasoning, then remove from heat and let the dish rest for a few minutes. | Step 7: Serve warm, optionally topped with fresh herbs, yogurt, cheese, or a squeeze of citrus depending on american cuisine."
French Mackerel Stir-Fry,French,20,Easy,mackerel raw; brown rice cooked; chocolate rasberry protein mini proteinfx; soy meal raw; endive,973,Calories 973 kcal; Fat 23.1 g; Carbohydrates 96.5 g; Protein 80.7 g,"Step 1: Prepare all ingredients by measuring, rinsing, and chopping as needed. | Step 2: Heat a large pan or pot over medium heat and add a small amount of oil or butter. | Step 3: Add the main proteins or vegetables and cook until lightly browned and fragrant. | Step 4: Add the remaining ingredients gradually, stirring to combine and adjust seasoning with salt, pepper, and spices typical for french cuisine. | Step 5: Pour in enough water, broth, or sauce to create a cohesive mixture and let it simmer until everything is tender and flavors blend. | Step 6: Taste and adjust seasoning, then remove from heat and let the dish rest for a few minutes. | Step 7: Serve warm, optionally topped with fresh herbs, yogurt, cheese, or a squeeze of citrus depending on french cuisine."
Greek Sunflower Bake,Greek,35,Medium,sunflower seeds toasted; amaranth leaves; scallops fried; chips chipotle,1050,Calories 1050 kcal; Fat 86.5 g; Carbohydrates 37.2 g; Protein 26.6 g,"Step 1: Prepare all ingredients by measuring, rinsing, and chopping as needed. | Step 2: Heat a large pan or pot over medium heat and add a small amount of oil or butter. | Step 3: Add the main proteins or vegetables and cook until lightly browned and fragrant. | Step 4: Add the remaining ingredients gradually, stirring to combine and adjust seasoning with salt, pepper, and spices typical for greek cuisine. | Step 5: Pour in enough water, broth, or sauce to create a cohesive mixture and let it simmer until everything is tender and flavors blend. | Step 6: Taste and adjust seasoning, then remove from heat and let the dish rest for a few minutes. | Step 7: Serve warm, optionally topped with fresh herbs, yogurt, cheese, or a squeeze of citrus depending on greek cuisine."
Middle Eastern White Platter,Middle Eastern,20,Easy,white beans raw; rambutan canned; honeydew melon; sausage burrito mcdonalds; veal sirloin raw,1940,Calories 1940 kcal; Fat 54.8 g; Carbohydrates 206.7 g; Protein 149.1 g,"Step 1: Prepare all ingredients by measuring, rinsing, and chopping as needed. | Step 2: Heat a large pan or pot over medium heat and add a small amount of oil or butter. | Step 3: Add the main proteins or vegetables and cook until lightly browned and fragrant. | Step 4: Add the remaining ingredients gradually, stirring to combine and adjust seasoning with salt, pepper, and spices typical for middle eastern cuisine. | Step 5: Pour in enough water, broth, or sauce to create a cohesive mixture and let it simmer until everything is tender and flavors blend. | Step 6: Taste and adjust seasoning, then remove from heat and let the dish rest for a few minutes. | Step 7: Serve warm, optionally topped with fresh herbs, yogurt, cheese, or a squeeze of citrus depending on middle eastern cuisine."
Korean Heidelbeeren One-Pot Meal,Korean,30,Medium,heidelbeeren jutro; mungo beans raw; graham crackers; jellies; coconut water; rice flour brown; pork blade steak braised,2448,Calories 2448 kcal; Fat 61.8 g; Carbohydrates 331.5 g; Protein 139.3 g,"Step 1: Prepare all ingredients by measuring, rinsing, and chopping as needed. | Step 2: Heat a large pan or pot over medium heat and add a small amount of oil or butter. | Step 3: Add the main proteins or vegetables and cook until lightly browned and fragrant. | Step 4: Add the remaining ingredients gradually, stirring to combine and adjust seasoning with salt, pepper, and spices typical for korean cuisine. | Step 5: Pour in enough water, broth, or sauce to create a cohesive mixture and let it simmer until everything is tender and flavors blend. | Step 6: Taste and adjust seasoning, then remove from heat and let the dish rest for a few minutes. | Step 7: Serve warm, optionally topped with fresh herbs, yogurt, cheese, or a squeeze of citrus depending on korean cuisine."
Spanish Rice Stew,Spanish,15,Easy,rice noodles dry; lebanon bologna; chicken neck raw; frozen yogurt,571,Calories 571 kcal; Fat 25.6 g; Carbohydrates 61.5 g; Protein 24.0 g,"Step 1: Prepare all ingredients by measuring, rinsing, and chopping as needed. | Step 2: Heat a large pan or pot over medium heat and add a small amount of oil or butter. | Step 3: Add the main proteins or vegetables and cook until lightly browned and fragrant. | Step 4: Add the remaining ingredients gradually, stirring to combine and adjust seasoning with salt, pepper, and spices typical for spanish cuisine. | Step 5: Pour in enough water, broth, or sauce to create a cohesive mixture and let it simmer until everything is tender and flavors blend. | Step 6: Taste and adjust seasoning, then remove from heat and let the dish rest for a few minutes. | Step 7: Serve warm, optionally topped with fresh herbs, yogurt, cheese, or a squeeze of citrus depending on spanish cuisine."
Vietnamese Dried Bowl,Vietnamese,25,Easy,dried tomatoes canned in oil; acerola cherry; carrots raw; italian dressing fat free; yellow beans cooked; pepperoni pizza pizza hut; chum salmon canned,1084,Calories 1084 kcal; Fat 33.8 g; Carbohydrates 83.1 g; Protein 108.6 g,"Step 1: Prepare all ingredients by measuring, rinsing, and chopping as needed. | Step 2: Heat a large pan or pot over medium heat and add a small amount of oil or butter. | Step 3: Add the main proteins or vegetables and cook until lightly browned and fragrant. | Step 4: Add the remaining ingredients gradually, stirring to combine and adjust seasoning with salt, pepper, and spices typical for vietnamese cuisine. | Step 5: Pour in enough water, broth, or sauce to create a cohesive mixture and let it simmer until everything is tender and flavors blend. | Step 6: Taste and adjust seasoning, then remove from heat and let the dish rest for a few minutes. | Step 7: Serve warm, optionally topped with fresh herbs, yogurt, cheese, or a squeeze of citrus depending on vietnamese cuisine."
Ethiopian Oriental Skillet,Ethiopian,45,Easy,oriental radish cooked; surimi; chicken nuggets; almond oil; turbinado sugar; spaghetti squash raw,283,Calories 283 kcal; Fat 19.0 g; Carbohydrates 21.5 g; Protein 9.1 g,"Step 1: Prepare all ingredients by measuring, rinsing, and chopping as needed. | Step 2: Heat a large pan or pot over medium heat and add a small amount of oil or butter. | Step 3: Add the main proteins or vegetables and cook until lightly browned and fragrant. | Step 4: Add the remaining ingredients gradually, stirring to combine and adjust seasoning with salt, pepper, and spices typical for ethiopian cuisine. | Step 5: Pour in enough water, broth, or sauce to create a cohesive mixture and let it simmer until everything is tender and flavors blend. | Step 6: Taste and adjust seasoning, then remove from heat and let the dish rest for a few minutes. | Step 7: Serve warm, optionally topped with fresh herbs, yogurt, cheese, or a squeeze of citrus depending on ethiopian cuisine."
Moroccan Mashed Pasta,Moroccan,45,Medium,mashed potato with milk and butter; duck liver raw; hushpuppies; matzo crackers with egg; citrus fruit juice; cuttlefish cooked,1077,Calories 1077 kcal; Fat 32.5 g; Carbohydrates 157.6 g; Protein 37.2 g,"Step 1: Prepare all ingredients by measuring, rinsing, and chopping as needed. | Step 2: Heat a large pan or pot over medium heat and add a small amount of oil or butter. | Step 3: Add the main proteins or vegetables and cook until lightly browned and fragrant. | Step 4: Add the remaining ingredients gradually, stirring to combine and adjust seasoning with salt, pepper, and spices typical for moroccan cuisine. | Step 5: Pour in enough water, broth, or sauce to create a cohesive mixture and let it simmer until everything is tender and flavors blend. | Step 6: Taste and adjust seasoning, then remove from heat and let the dish rest for a few minutes. | Step 7: Serve warm, optionally topped with fresh herbs, yogurt, cheese, or a squeeze of citrus depending on moroccan cuisine."
Brazilian Mexican Salad,Brazilian,60,Easy,mexican cheese; lemongrass citronella; minestrone soup; swamp cabbage; chardonnay white wine; maple sugar,718,Calories 718 kcal; Fat 27.0 g; Carbohydrates 46.4 g; Protein 38.5 g,"Step 1: Prepare all ingredients by measuring, rinsing, and chopping as needed. | Step 2: Heat a large pan or pot over medium heat and add a small amount of oil or butter. | Step 3: Add the main proteins or vegetables and cook until lightly browned and fragrant. | Step 4: Add the remaining ingredients gradually, stirring to combine and adjust seasoning with salt, pepper, and spices typical for brazilian cuisine. | Step 5: Pour in enough water, broth, or sauce to create a cohesive mixture and let it simmer until everything is tender and flavors blend. | Step 6: Taste and adjust seasoning, then remove from heat and let the dish rest for a few minutes. | Step 7: Serve warm, optionally topped with fresh herbs, yogurt, cheese, or a squeeze of citrus depending on brazilian cuisine."
Caribbean Lebanon Rice Bowl,Caribbean,35,Medium,lebanon bologna; fish sticks; brie cheese; vanilla fudge with nuts; french fries deep fried; chicken and rice casserole homade; pork breakfast strips raw,736,Calories 736 kcal; Fat 42.6 g; Carbohydrates 59.6 g; Protein 28.0 g,"Step 1: Prepare all ingredients by measuring, rinsing, and chopping as needed. | Step 2: Heat a large pan or pot over medium heat and add a small amount of oil or butter. | Step 3: Add the main proteins or vegetables and cook until lightly browned and fragrant. | Step 4: Add the remaining ingredients gradually, stirring to combine and adjust seasoning with salt, pepper, and spices typical for caribbean cuisine. | Step 5: Pour in enough water, broth, or sauce to create a cohesive mixture and let it simmer until everything is tender and flavors blend. | Step 6: Taste and adjust seasoning, then remove from heat and let the dish rest for a few minutes. | Step 7: Serve warm, optionally topped with fresh herbs, yogurt, cheese, or a squeeze of citrus depending on caribbean cuisine."
German After Casserole,German,50,Medium,after eight mints nestle; ostrich leg cooked; conch baked; dill seeds; salt,341,Calories 341 kcal; Fat 5.1 g; Carbohydrates 12.5 g; Protein 59.3 g,"Step 1: Prepare all ingredients by measuring, rinsing, and chopping as needed. | Step 2: Heat a large pan or pot over medium heat and add a small amount of oil or butter. | Step 3: Add the main proteins or vegetables and cook until lightly browned and fragrant. | Step 4: Add the remaining ingredients gradually, stirring to combine and adjust seasoning with salt, pepper, and spices typical for german cuisine. | Step 5: Pour in enough water, broth, or sauce to create a cohesive mixture and let it simmer until everything is tender and flavors blend. | Step 6: Taste and adjust seasoning, then remove from heat and let the dish rest for a few minutes. | Step 7: Serve warm, optionally topped with fresh herbs, yogurt, cheese, or a squeeze of citrus depending on german cuisine."
Portuguese Basil Soup,Portuguese,35,Easy,basil fresh; sour cream shoprite; arroz con abichuelas; prunes,522,Calories 522 kcal; Fat 11.0 g; Carbohydrates 100.8 g; Protein 9.0 g,"Step 1: Prepare all ingredients by measuring, rinsing, and chopping as needed. | Step 2: Heat a large pan or pot over medium heat and add a small amount of oil or butter. | Step 3: Add the main proteins or vegetables and cook until lightly browned and fragrant. | Step 4: Add the remaining ingredients gradually, stirring to combine and adjust seasoning with salt, pepper, and spices typical for portuguese cuisine. | Step 5: Pour in enough water, broth, or sauce to create a cohesive mixture and let it simmer until everything is tender and flavors blend. | Step 6: Taste and adjust seasoning, then remove from heat and let the dish rest for a few minutes. | Step 7: Serve warm, optionally topped with fresh herbs, yogurt, cheese, or a squeeze of citrus depending on portuguese cuisine."
Turkish Cream Stir-Fry,Turkish,15,Medium,cream of potato soup; wheat shredded; chicken bouillon dry; hibiscus tea; filinchen gutena; fusilli cucina; cheese lasagna,861,Calories 861 kcal; Fat 21.2 g; Carbohydrates 121.4 g; Protein 26.9 g,"Step 1: Prepare all ingredients by measuring, rinsing, and chopping as needed. | Step 2: Heat a large pan or pot over medium heat and add a small amount of oil or butter. | Step 3: Add the main proteins or vegetables and cook until lightly browned and fragrant. | Step 4: Add the remaining ingredients gradually, stirring to combine and adjust seasoning with salt, pepper, and spices typical for turkish cuisine. | Step 5: Pour in enough water, broth, or sauce to create a cohesive mixture and let it simmer until everything is tender and flavors blend. | Step 6: Taste and adjust seasoning, then remove from heat and let the dish rest for a few minutes. | Step 7: Serve warm, optionally topped with fresh herbs, yogurt, cheese, or a squeeze of citrus depending on turkish cuisine."
Italian Espresso Bake,Italian,40,Medium,espresso; sour cherries; puff pastry; savory ground; white sauce; pasta with meatballs in tomato sauce; parsnips raw,2195,Calories 2195 kcal; Fat 134.8 g; Carbohydrates 207.8 g; Protein 41.4 g,"Step 1: Prepare all ingredients by measuring, rinsing, and chopping as needed. | Step 2: Heat a large pan or pot over medium heat and add a small amount of oil or butter. | Step 3: Add the main proteins or vegetables and cook until lightly browned and fragrant. | Step 4: Add the remaining ingredients gradually, stirring to combine and adjust seasoning with salt, pepper, and spices typical for italian cuisine. | Step 5: Pour in enough water, broth, or sauce to create a cohesive mixture and let it simmer until everything is tender and flavors blend. | Step 6: Taste and adjust seasoning, then remove from heat and let the dish rest for a few minutes. | Step 7: Serve warm, optionally topped with fresh herbs, yogurt, cheese, or a squeeze of citrus depending on italian cuisine."
Mexican Chicken Platter,Mexican,70,Easy,chicken neck raw; pink beans cooked; vinegar; fruit walnut salad mcdonalds; celery seeds,741,Calories 741 kcal; Fat 28.8 g; Carbohydrates 93.8 g; Protein 28.3 g,"Step 1: Prepare all ingredients by measuring, rinsing, and chopping as needed. | Step 2: Heat a large pan or pot over medium heat and add a small amount of oil or butter. | Step 3: Add the main proteins or vegetables and cook until lightly browned and fragrant. | Step 4: Add the remaining ingredients gradually, stirring to combine and adjust seasoning with salt, pepper, and spices typical for mexican cuisine. | Step 5: Pour in enough water, broth, or sauce to create a cohesive mixture and let it simmer until everything is tender and flavors blend. | Step 6: Taste and adjust seasoning, then remove from heat and let the dish rest for a few minutes. | Step 7: Serve warm, optionally topped with fresh herbs, yogurt, cheese, or a squeeze of citrus depending on mexican cuisine."
Indian Mayonnaise One-Pot Meal,Indian,20,Hard,mayonnaise imitation fat free; sablefish raw; barley raw; yogurt; virginia peanuts roasted; yellow cake; soybean oil,1438,Calories 1438 kcal; Fat 102.6 g; Carbohydrates 60.8 g; Protein 69.6 g,"Step 1: Prepare all ingredients by measuring, rinsing, and chopping as needed. | Step 2: Heat a large pan or pot over medium heat and add a small amount of oil or butter. | Step 3: Add the main proteins or vegetables and cook until lightly browned and fragrant. | Step 4: Add the remaining ingredients gradually, stirring to combine and adjust seasoning with salt, pepper, and spices typical for indian cuisine. | Step 5: Pour in enough water, broth, or sauce to create a cohesive mixture and let it simmer until everything is tender and flavors blend. | Step 6: Taste and adjust seasoning, then remove from heat and let the dish rest for a few minutes. | Step 7: Serve warm, optionally topped with fresh herbs, yogurt, cheese, or a squeeze of citrus depending on indian cuisine."
Chinese Tomato Stew,Chinese,80,Hard,tomato paste canned; instant white rice cooked; green goddess dressing; canadian style bacon grilled,515,Calories 515 kcal; Fat 10.5 g; Carbohydrates 92.3 g; Protein 20.9 g,"Step 1: Prepare all ingredients by measuring, rinsing, and chopping as needed. | Step 2: Heat a large pan or pot over medium heat and add a small amount of oil or butter. | Step 3: Add the main proteins or vegetables and cook until lightly browned and fragrant. | Step 4: Add the remaining ingredients gradually, stirring to combine and adjust seasoning with salt, pepper, and spices typical for chinese cuisine. | Step 5: Pour in enough water, broth, or sauce to create a cohesive mixture and let it simmer until everything is tender and flavors blend. | Step 6: Taste and adjust seasoning, then remove from heat and let the dish rest for a few minutes. | Step 7: Serve warm, optionally topped with fresh herbs, yogurt, cheese, or a squeeze of citrus depending on chinese cuisine."
Japanese Barbecue Bowl,Japanese,25,Easy,barbecue sauce kraft; chia seeds dried; vegetable lasagna; veal liver cooked; fava beans canned; maple syrup; grape leaves,883,Calories 883 kcal; Fat 28.4 g; Carbohydrates 101.2 g; Protein 58.0 g,"Step 1: Prepare all ingredients by measuring, rinsing, and chopping as needed. | Step 2: Heat a large pan or pot over medium heat and add a small amount of oil or butter. | Step 3: Add the main proteins or vegetables and cook until lightly browned and fragrant. | Step 4: Add the remaining ingredients gradually, stirring to combine and adjust seasoning with salt, pepper, and spices typical for japanese cuisine. | Step 5: Pour in enough water, broth, or sauce to create a cohesive mixture and let it simmer until everything is tender and flavors blend. | Step 6: Taste and adjust seasoning, then remove from heat and let the dish rest for a few minutes. | Step 7: Serve warm, optionally topped with fresh herbs, yogurt, cheese, or a squeeze of citrus depending on japanese cuisine."
Thai Oyster Skillet,Thai,60,Medium,oyster cooked; pork leg cap steak cooked; wild pink salmon oceans; monkfish raw; yellow snap beans cooked; green soybean cooked,861,Calories 861 kcal; Fat 32.4 g; Carbohydrates 22.3 g; Protein 75.8 g,"Step 1: Prepare all ingredients by measuring, rinsing, and chopping as needed. | Step 2: Heat a large pan or pot over medium heat and add a small amount of oil or butter. | Step 3: Add the main proteins or vegetables and cook until lightly browned and fragrant. | Step 4: Add the remaining ingredients gradually, stirring to combine and adjust seasoning with salt, pepper, and spices typical for thai cuisine. | Step 5: Pour in enough water, broth, or sauce to create a cohesive mixture and let it simmer until everything is tender and flavors blend. | Step 6: Taste and adjust seasoning, then remove from heat and let the dish rest for a few minutes. | Step 7: Serve warm, optionally topped with fresh herbs, yogurt, cheese, or a squeeze of citrus depending on thai cuisine."
American Pancakes Pasta,American,15,Easy,pancakes; chicken chow mein; whitefish smoked; tomato rice soup; beef pork bologna; snap beans cooked; italian salami,1165,Calories 1165 kcal; Fat 38.9 g; Carbohydrates 116.6 g; Protein 88.4 g,"Step 1: Prepare all ingredients by measuring, rinsing, and chopping as needed. | Step 2: Heat a large pan or pot over medium heat and add a small amount of oil or butter. | Step 3: Add the main proteins or vegetables and cook until lightly browned and fragrant. | Step 4: Add the remaining ingredients gradually, stirring to combine and adjust seasoning with salt, pepper, and spices typical for american cuisine. | Step 5: Pour in enough water, broth, or sauce to create a cohesive mixture and let it simmer until everything is tender and flavors blend. | Step 6: Taste and adjust seasoning, then remove from heat and let the dish rest for a few minutes. | Step 7: Serve warm, optionally topped with fresh herbs, yogurt, cheese, or a squeeze of citrus depending on american cuisine."
French Tripe Salad,French,70,Hard,tripe soup; bacon baked; ham roasted; gazpacho soup; egg mix; cowpeas cooked,689,Calories 689 kcal; Fat 33.0 g; Carbohydrates 30.0 g; Protein 67.3 g,"Step 1: Prepare all ingredients by measuring, rinsing, and chopping as needed. | Step 2: Heat a large pan or pot over medium heat and add a small amount of oil or butter. | Step 3: Add the main proteins or vegetables and cook until lightly browned and fragrant. | Step 4: Add the remaining ingredients gradually, stirring to combine and adjust seasoning with salt, pepper, and spices typical for french cuisine. | Step 5: Pour in enough water, broth, or sauce to create a cohesive mixture and let it simmer until everything is tender and flavors blend. | Step 6: Taste and adjust seasoning, then remove from heat and let the dish rest for a few minutes. | Step 7: Serve warm, optionally topped with fresh herbs, yogurt, cheese, or a squeeze of citrus depending on french cuisine."
Greek Onion Rice Bowl,Greek,80,Hard,onion powder; longans dried; wheat bread; chicken bouillon dry; queso blanco cheese; hubbard squash cooked,526,Calories 526 kcal; Fat 31.4 g; Carbohydrates 33.0 g; Protein 30.8 g,"Step 1: Prepare all ingredients by measuring, rinsing, and chopping as needed. | Step 2: Heat a large pan or pot over medium heat and add a small amount of oil or butter. | Step 3: Add the main proteins or vegetables and cook until lightly browned and fragrant. | Step 4: Add the remaining ingredients gradually, stirring to combine and adjust seasoning with salt, pepper, and spices typical for greek cuisine. | Step 5: Pour in enough water, broth, or sauce to create a cohesive mixture and let it simmer until everything is tender and flavors blend. | Step 6: Taste and adjust seasoning, then remove from heat and let the dish rest for a few minutes. | Step 7: Serve warm, optionally topped with fresh herbs, yogurt, cheese, or a squeeze of citrus depending on greek cuisine."
Middle Eastern Dinner Casserole,Middle Eastern,35,Easy,dinner roll; sausage patty mcdonalds; lamb sirloin cooked; beef stock; bluefish raw; original chicken sandwich chick fil a,1298,Calories 1298 kcal; Fat 78.9 g; Carbohydrates 16.2 g; Protein 106.0 g,"Step 1: Prepare all ingredients by measuring, rinsing, and chopping as needed. | Step 2: Heat a large pan or pot over medium heat and add a small amount of oil or butter. | Step 3: Add the main proteins or vegetables and cook until lightly browned and fragrant. | Step 4: Add the remaining ingredients gradually, stirring to combine and adjust seasoning with salt, pepper, and spices typical for middle eastern cuisine. | Step 5: Pour in enough water, broth, or sauce to create a cohesive mixture and let it simmer until everything is tender and flavors blend. | Step 6: Taste and adjust seasoning, then remove from heat and let the dish rest for a few minutes. | Step 7: Serve warm, optionally topped with fresh herbs, yogurt, cheese, or a squeeze of citrus depending on middle eastern cuisine."
Korean Romanesco Soup,Korean,50,Easy,romanesco raw; beef bottom round steak cooked; granola bar; chicken leg fried; beef rib roasted; eastern oyster canned,1878,Calories 1878 kcal; Fat 88.1 g; Carbohydrates 37.5 g; Protein 221.0 g,"Step 1: Prepare all ingredients by measuring, rinsing, and chopping as needed. | Step 2: Heat a large pan or pot over medium heat and add a small amount of oil or butter. | Step 3: Add the main proteins or vegetables and cook until lightly browned and fragrant. | Step 4: Add the remaining ingredients gradually, stirring to combine and adjust seasoning with salt, pepper, and spices typical for korean cuisine. | Step 5: Pour in enough water, broth, or sauce to create a cohesive mixture and let it simmer until everything is tender and flavors blend. | Step 6: Taste and adjust seasoning, then remove from heat and let the dish rest for a few minutes. | Step 7: Serve warm, optionally topped with fresh herbs, yogurt, cheese, or a squeeze of citrus depending on korean cuisine."
Spanish Snapper Stir-Fry,Spanish,20,Medium,snapper raw; brown gravy dry; filinchen gutena; pound cake,375,Calories 375 kcal; Fat 9.7 g; Carbohydrates 18.7 g; Protein 47.4 g,"Step 1: Prepare all ingredients by measuring, rinsing, and chopping as needed. | Step 2: Heat a large pan or pot over medium heat and add a small amount of oil or butter. | Step 3: Add the main proteins or vegetables and cook until lightly browned and fragrant. | Step 4: Add the remaining ingredients gradually, stirring to combine and adjust seasoning with salt, pepper, and spices typical for spanish cuisine. | Step 5: Pour in enough water, broth, or sauce to create a cohesive mixture and let it simmer until everything is tender and flavors blend. | Step 6: Taste and adjust seasoning, then remove from heat and let the dish rest for a few minutes. | Step 7: Serve warm, optionally topped with fresh herbs, yogurt, cheese, or a squeeze of citrus depending on spanish cuisine."
Vietnamese Beef Bake,Vietnamese,50,Easy,beef flank steak raw; tomato juice; cisco smoked; beef brisket raw,1277,Calories 1277 kcal; Fat 92.9 g; Carbohydrates 8.6 g; Protein 96.3 g,"Step 1: Prepare all ingredients by measuring, rinsing, and chopping as needed. | Step 2: Heat a large pan or pot over medium heat and add a small amount of oil or butter. | Step 3: Add the main proteins or vegetables and cook until lightly browned and fragrant. | Step 4: Add the remaining ingredients gradually, stirring to combine and adjust seasoning with salt, pepper, and spices typical for vietnamese cuisine. | Step 5: Pour in enough water, broth, or sauce to create a cohesive mixture and let it simmer until everything is tender and flavors blend. | Step 6: Taste and adjust seasoning, then remove from heat and let the dish rest for a few minutes. | Step 7: Serve warm, optionally topped with fresh herbs, yogurt, cheese, or a squeeze of citrus depending on vietnamese cuisine."
Ethiopian Beef Platter,Ethiopian,90,Easy,beef under blade steak cooked; ham salad; clam chowder soup; watercress; parsley dried,1239,Calories 1239 kcal; Fat 58.2 g; Carbohydrates 30.0 g; Protein 150.0 g,"Step 1: Prepare all ingredients by measuring, rinsing, and chopping as needed. | Step 2: Heat a large pan or pot over medium heat and add a small amount of oil or butter. | Step 3: Add the main proteins or vegetables and cook until lightly browned and fragrant. | Step 4: Add the remaining ingredients gradually, stirring to combine and adjust seasoning with salt, pepper, and spices typical for ethiopian cuisine. | Step 5: Pour in enough water, broth, or sauce to create a cohesive mixture and let it simmer until everything is tender and flavors blend. | Step 6: Taste and adjust seasoning, then remove from heat and let the dish rest for a few minutes. | Step 7: Serve warm, optionally topped with fresh herbs, yogurt, cheese, or a squeeze of citrus depending on ethiopian cuisine."
Moroccan Cheeseburger One-Pot Meal,Moroccan,45,Medium,cheeseburger; taro leaves raw; beef salami cooked; quarter pounder mcdonalds; parmesan cheese grated; coleslaw dressing reduced fat,866,Calories 866 kcal; Fat 43.8 g; Carbohydrates 76.5 g; Protein 45.2 g,"Step 1: Prepare all ingredients by measuring, rinsing, and chopping as needed. | Step 2: Heat a large pan or pot over medium heat and add a small amount of oil or butter. | Step 3: Add the main proteins or vegetables and cook until lightly browned and fragrant. | Step 4: Add the remaining ingredients gradually, stirring to combine and adjust seasoning with salt, pepper, and spices typical for moroccan cuisine. | Step 5: Pour in enough water, broth, or sauce to create a cohesive mixture and let it simmer until everything is tender and flavors blend. | Step 6: Taste and adjust seasoning, then remove from heat and let the dish rest for a few minutes. | Step 7: Serve warm, optionally topped with fresh herbs, yogurt, cheese, or a squeeze of citrus depending on moroccan cuisine."
Brazilian Egg Stew,Brazilian,60,Hard,egg dried; yardlong beans cooked; sandwich with tuna salad; peanut butter fudge; catsup; root beer,1099,Calories 1099 kcal; Fat 32.2 g; Carbohydrates 160.7 g; Protein 47.1 g,"Step 1: Prepare all ingredients by measuring, rinsing, and chopping as needed. | Step 2: Heat a large pan or pot over medium heat and add a small amount of oil or butter. | Step 3: Add the main proteins or vegetables and cook until lightly browned and fragrant. | Step 4: Add the remaining ingredients gradually, stirring to combine and adjust seasoning with salt, pepper, and spices typical for brazilian cuisine. | Step 5: Pour in enough water, broth, or sauce to create a cohesive mixture and let it simmer until everything is tender and flavors blend. | Step 6: Taste and adjust seasoning, then remove from heat and let the dish rest for a few minutes. | Step 7: Serve warm, optionally topped with fresh herbs, yogurt, cheese, or a squeeze of citrus depending on brazilian cuisine."
Caribbean Lamb Bowl,Caribbean,45,Easy,lamb meat raw; dinner roll whole wheat; marinara pasta sauce; thyme dried; almond oil,1701,Calories 1701 kcal; Fat 110.8 g; Carbohydrates 98.1 g; Protein 94.8 g,"Step 1: Prepare all ingredients by measuring, rinsing, and chopping as needed. | Step 2: Heat a large pan or pot over medium heat and add a small amount of oil or butter. | Step 3: Add the main proteins or vegetables and cook until lightly browned and fragrant. | Step 4: Add the remaining ingredients gradually, stirring to combine and adjust seasoning with salt, pepper, and spices typical for caribbean cuisine. | Step 5: Pour in enough water, broth, or sauce to create a cohesive mixture and let it simmer until everything is tender and flavors blend. | Step 6: Taste and adjust seasoning, then remove from heat and let the dish rest for a few minutes. | Step 7: Serve warm, optionally topped with fresh herbs, yogurt, cheese, or a squeeze of citrus depending on caribbean cuisine."
German Carrots Skillet,German,50,Medium,carrots canned; baked potato; oregano dried; wheat bran bread; ostrich top loin cooked; saltine crackers,764,Calories 764 kcal; Fat 9.9 g; Carbohydrates 149.3 g; Protein 43.3 g,"Step 1: Prepare all ingredients by measuring, rinsing, and chopping as needed. | Step 2: Heat a large pan or pot over medium heat and add a small amount of oil or butter. | Step 3: Add the main proteins or vegetables and cook until lightly browned and fragrant. | Step 4: Add the remaining ingredients gradually, stirring to combine and adjust seasoning with salt, pepper, and spices typical for german cuisine. | Step 5: Pour in enough water, broth, or sauce to create a cohesive mixture and let it simmer until everything is tender and flavors blend. | Step 6: Taste and adjust seasoning, then remove from heat and let the dish rest for a few minutes. | Step 7: Serve warm, optionally topped with fresh herbs, yogurt, cheese, or a squeeze of citrus depending on german cuisine."
Portuguese Hearts Pasta,Portuguese,40,Easy,hearts of palm; vegetable soup with beef broth; swiss chard raw; pumpernickel bread; ham egg cheese sandwich; pumpkin leaves cooked; eastern oyster fried,634,Calories 634 kcal; Fat 23.1 g; Carbohydrates 76.5 g; Protein 32.1 g,"Step 1: Prepare all ingredients by measuring, rinsing, and chopping as needed. | Step 2: Heat a large pan or pot over medium heat and add a small amount of oil or butter. | Step 3: Add the main proteins or vegetables and cook until lightly browned and fragrant. | Step 4: Add the remaining ingredients gradually, stirring to combine and adjust seasoning with salt, pepper, and spices typical for portuguese cuisine. | Step 5: Pour in enough water, broth, or sauce to create a cohesive mixture and let it simmer until everything is tender and flavors blend. | Step 6: Taste and adjust seasoning, then remove from heat and let the dish rest for a few minutes. | Step 7: Serve warm, optionally topped with fresh herbs, yogurt, cheese, or a squeeze of citrus depending on portuguese cuisine."
Turkish Muenster Salad,Turkish,45,Medium,muenster cheese; sofrito; peanuts raw; egg dinner roll,1909,Calories 1909 kcal; Fat 151.3 g; Carbohydrates 54.4 g; Protein 98.3 g,"Step 1: Prepare all ingredients by measuring, rinsing, and chopping as needed. | Step 2: Heat a large pan or pot over medium heat and add a small amount of oil or butter. | Step 3: Add the main proteins or vegetables and cook until lightly browned and fragrant. | Step 4: Add the remaining ingredients gradually, stirring to combine and adjust seasoning with salt, pepper, and spices typical for turkish cuisine. | Step 5: Pour in enough water, broth, or sauce to create a cohesive mixture and let it simmer until everything is tender and flavors blend. | Step 6: Taste and adjust seasoning, then remove from heat and let the dish rest for a few minutes. | Step 7: Serve warm, optionally topped with fresh herbs, yogurt, cheese, or a squeeze of citrus depending on turkish cuisine."
Italian Agave Rice Bowl,Italian,35,Medium,agave syrup; cabernet sauvignon red wine; black pepper; pork loin cooked,406,Calories 406 kcal; Fat 12.2 g; Carbohydrates 12.0 g; Protein 24.5 g,"Step 1: Prepare all ingredients by measuring, rinsing, and chopping as needed. | Step 2: Heat a large pan or pot over medium heat and add a small amount of oil or butter. | Step 3: Add the main proteins or vegetables and cook until lightly browned and fragrant. | Step 4: Add the remaining ingredients gradually, stirring to combine and adjust seasoning with salt, pepper, and spices typical for italian cuisine. | Step 5: Pour in enough water, broth, or sauce to create a cohesive mixture and let it simmer until everything is tender and flavors blend. | Step 6: Taste and adjust seasoning, then remove from heat and let the dish rest for a few minutes. | Step 7: Serve warm, optionally topped with fresh herbs, yogurt, cheese, or a squeeze of citrus depending on italian cuisine."
Mexican Banana Casserole,Mexican,45,Hard,banana cream pie; chocolate chip cookie; egg boiled; pork blade steak braised,4040,Calories 4040 kcal; Fat 215.2 g; Carbohydrates 400.3 g; Protein 128.4 g,"Step 1: Prepare all ingredients by measuring, rinsing, and chopping as needed. | Step 2: Heat a large pan or pot over medium heat and add a small amount of oil or butter. | Step 3: Add the main proteins or vegetables and cook until lightly browned and fragrant. | Step 4: Add the remaining ingredients gradually, stirring to combine and adjust seasoning with salt, pepper, and spices typical for mexican cuisine. | Step 5: Pour in enough water, broth, or sauce to create a cohesive mixture and let it simmer until everything is tender and flavors blend. | Step 6: Taste and adjust seasoning, then remove from heat and let the dish rest for a few minutes. | Step 7: Serve warm, optionally topped with fresh herbs, yogurt, cheese, or a squeeze of citrus depending on mexican cuisine."
Indian White Soup,Indian,35,Medium,white cake with coconut frosting; yellow plantain fried; milk chocolate with almonds; yam bean jicama,1063,Calories 1063 kcal; Fat 38.4 g; Carbohydrates 173.1 g; Protein 11.9 g,"Step 1: Prepare all ingredients by measuring, rinsing, and chopping as needed. | Step 2: Heat a large pan or pot over medium heat and add a small amount of oil or butter. | Step 3: Add the main proteins or vegetables and cook until lightly browned and fragrant. | Step 4: Add the remaining ingredients gradually, stirring to combine and adjust seasoning with salt, pepper, and spices typical for indian cuisine. | Step 5: Pour in enough water, broth, or sauce to create a cohesive mixture and let it simmer until everything is tender and flavors blend. | Step 6: Taste and adjust seasoning, then remove from heat and let the dish rest for a few minutes. | Step 7: Serve warm, optionally topped with fresh herbs, yogurt, cheese, or a squeeze of citrus depending on indian cuisine."
Chinese Rice Stir-Fry,Chinese,20,Medium,rice bran bread; ham; beets cooked; lambs quarters raw,134,Calories 134 kcal; Fat 3.9 g; Carbohydrates 17.8 g; Protein 7.9 g,"Step 1: Prepare all ingredients by measuring, rinsing, and chopping as needed. | Step 2: Heat a large pan or pot over medium heat and add a small amount of oil or butter. | Step 3: Add the main proteins or vegetables and cook until lightly browned and fragrant. | Step 4: Add the remaining ingredients gradually, stirring to combine and adjust seasoning with salt, pepper, and spices typical for chinese cuisine. | Step 5: Pour in enough water, broth, or sauce to create a cohesive mixture and let it simmer until everything is tender and flavors blend. | Step 6: Taste and adjust seasoning, then remove from heat and let the dish rest for a few minutes. | Step 7: Serve warm, optionally topped with fresh herbs, yogurt, cheese, or a squeeze of citrus depending on chinese cuisine."
Japanese Caesar Bake,Japanese,80,Medium,caesar dressing low calorie; gum drops; baked potato with sour cream; pork skin,582,Calories 582 kcal; Fat 31.9 g; Carbohydrates 57.2 g; Protein 24.0 g,"Step 1: Prepare all ingredients by measuring, rinsing, and chopping as needed. | Step 2: Heat a large pan or pot over medium heat and add a small amount of oil or butter. | Step 3: Add the main proteins or vegetables and cook until lightly browned and fragrant. | Step 4: Add the remaining ingredients gradually, stirring to combine and adjust seasoning with salt, pepper, and spices typical for japanese cuisine. | Step 5: Pour in enough water, broth, or sauce to create a cohesive mixture and let it simmer until everything is tender and flavors blend. | Step 6: Taste and adjust seasoning, then remove from heat and let the dish rest for a few minutes. | Step 7: Serve warm, optionally topped with fresh herbs, yogurt, cheese, or a squeeze of citrus depending on japanese cuisine."
Thai Tortilla Platter,Thai,30,Easy,tortilla chips low fat; peas carrots cooked; lemon meringue pie; bacon baked,600,Calories 600 kcal; Fat 22.2 g; Carbohydrates 88.6 g; Protein 15.7 g,"Step 1: Prepare all ingredients by measuring, rinsing, and chopping as needed. | Step 2: Heat a large pan or pot over medium heat and add a small amount of oil or butter. | Step 3: Add the main proteins or vegetables and cook until lightly browned and fragrant. | Step 4: Add the remaining ingredients gradually, stirring to combine and adjust seasoning with salt, pepper, and spices typical for thai cuisine. | Step 5: Pour in enough water, broth, or sauce to create a cohesive mixture and let it simmer until everything is tender and flavors blend. | Step 6: Taste and adjust seasoning, then remove from heat and let the dish rest for a few minutes. | Step 7: Serve warm, optionally topped with fresh herbs, yogurt, cheese, or a squeeze of citrus depending on thai cuisine."
American Turnips One-Pot Meal,American,40,Easy,turnips raw; surinam cherry pitanga; corn granola oil; iceberg lettuce; mountain yam cooked; wheat bread; french toast sticks burger king,456,Calories 456 kcal; Fat 19.4 g; Carbohydrates 65.5 g; Protein 9.0 g,"Step 1: Prepare all ingredients by measuring, rinsing, and chopping as needed. | Step 2: Heat a large pan or pot over medium heat and add a small amount of oil or butter. | Step 3: Add the main proteins or vegetables and cook until lightly browned and fragrant. | Step 4: Add the remaining ingredients gradually, stirring to combine and adjust seasoning with salt, pepper, and spices typical for american cuisine. | Step 5: Pour in enough water, broth, or sauce to create a cohesive mixture and let it simmer until everything is tender and flavors blend. | Step 6: Taste and adjust seasoning, then remove from heat and let the dish rest for a few minutes. | Step 7: Serve warm, optionally topped with fresh herbs, yogurt, cheese, or a squeeze of citrus depending on american cuisine."
French Fruchtcocktail Stew,French,60,Easy,fruchtcocktail granini; maple syrup; frozen yogurt; rutabaga raw; pinot gris grigio white wine,783,Calories 783 kcal; Fat 7.9 g; Carbohydrates 121.5 g; Protein 13.7 g,"Step 1: Prepare all ingredients by measuring, rinsing, and chopping as needed. | Step 2: Heat a large pan or pot over medium heat and add a small amount of oil or butter. | Step 3: Add the main proteins or vegetables and cook until lightly browned and fragrant. | Step 4: Add the remaining ingredients gradually, stirring to combine and adjust seasoning with salt, pepper, and spices typical for french cuisine. | Step 5: Pour in enough water, broth, or sauce to create a cohesive mixture and let it simmer until everything is tender and flavors blend. | Step 6: Taste and adjust seasoning, then remove from heat and let the dish rest for a few minutes. | Step 7: Serve warm, optionally topped with fresh herbs, yogurt, cheese, or a squeeze of citrus depending on french cuisine."
Greek Meat Bowl,Greek,25,Easy,meat extender; green peppers canned; lamb kidneys cooked; orange roughy raw; shiitake mushrooms cooked,671,Calories 671 kcal; Fat 12.1 g; Carbohydrates 42.5 g; Protein 99.4 g,"Step 1: Prepare all ingredients by measuring, rinsing, and chopping as needed. | Step 2: Heat a large pan or pot over medium heat and add a small amount of oil or butter. | Step 3: Add the main proteins or vegetables and cook until lightly browned and fragrant. | Step 4: Add the remaining ingredients gradually, stirring to combine and adjust seasoning with salt, pepper, and spices typical for greek cuisine. | Step 5: Pour in enough water, broth, or sauce to create a cohesive mixture and let it simmer until everything is tender and flavors blend. | Step 6: Taste and adjust seasoning, then remove from heat and let the dish rest for a few minutes. | Step 7: Serve warm, optionally topped with fresh herbs, yogurt, cheese, or a squeeze of citrus depending on greek cuisine."
